customer_id,Profit_Contribution,Segment
C835942L,null,Low Value
C830683L,-916390,LOSS
C724168L,-559120,LOSS
C313534L,-485460,LOSS
C235587L,-189660,LOSS
C908342L,-130500,LOSS
C385750L,-113680,LOSS
C691329L,-67860,LOSS
C609754L,-54410,LOSS
C868076L,-52780,LOSS
C890492L,-48256,LOSS
C269004L,-48256,LOSS
C776994L,-42050,LOSS
C293341L,-42050,LOSS
C219951L,-42050,LOSS
C725184L,-35659,LOSS
C312529L,-32364,LOSS
C692439L,-30682,LOSS
C327217L,-30682,LOSS
C915506L,-30682,LOSS
C584050L,-30682,LOSS
C607220L,-27405,LOSS
C143396L,-23664,LOSS
C944560L,-22620,LOSS
C390416L,-21730,LOSS
C118563L,-21576,LOSS
C639248L,-19140,LOSS
C638447L,-16936,LOSS
C520362L,-16240,LOSS
C694063L,-16240,LOSS
C289646L,-16240,LOSS
C331662L,-16240,LOSS
C341700L,-16182,LOSS
C287024L,-16182,LOSS
C268664L,-16182,LOSS
C187290L,-16182,LOSS
C685936L,-13050,LOSS
C496630L,-12992,LOSS
C265794L,-12586,LOSS
C899734L,-12180,LOSS
C364237L,-12143,LOSS
C976390L,-11136,LOSS
C738648L,-11136,LOSS
C415068L,-10962,LOSS
C373286L,-8468,LOSS
C347383L,-7250,LOSS
C305124L,-7250,LOSS
C228285L,-6960,LOSS
C874037L,-5800,LOSS
C634785L,-5800,LOSS
C388087L,-5800,LOSS
C312237L,-5510,LOSS
C365826L,-5510,LOSS
C809015L,-5423,LOSS
C591890L,-4408,LOSS
C449730L,-4350,LOSS
C914542L,-3770,LOSS
C707264L,-3712,LOSS
C928110L,-3509,LOSS
C560607L,-1726,LOSS
C503582L,-1624,LOSS
C799927L,-1508,LOSS
C241052L,-1379,LOSS
C762827L,-653,LOSS
C900615L,0,Low Value
C763228L,0,Low Value
C790722L,0,Low Value
C630762L,0,Low Value
C714630L,0,Low Value
C647975L,0,Low Value
C186133L,0,Low Value
C927548L,0,Low Value
C620483L,0,Low Value
C300950L,0,Low Value
C262851L,0,Low Value
C357056L,0,Low Value
C329053L,0,Low Value
C439980L,0,Low Value
C987822L,0,Low Value
C781599L,0,Low Value
C295679L,0,Low Value
C832050L,0,Low Value
C130292L,0,Low Value
C955805L,0,Low Value
C678199L,0,Low Value
C368658L,0,Low Value
C533080L,0,Low Value
C836000L,58,Low Value
C546754L,146,Medium Value
C134413L,246,Medium Value
C794109L,290,Medium Value
C477890L,430,Medium Value
C355357L,464,Medium Value
C224765L,522,High Value
C323695L,580,High Value
C164454L,771,High Value
C431185L,870,High Value
C253008L,928,High Value
C371890L,938,High Value
C279618L,1044,High Value
C566454L,1044,High Value
C471143L,1044,High Value
C326720L,1160,High Value
C830894L,1218,High Value
C462603L,1218,High Value
C711225L,1218,High Value
C761017L,1334,High Value
C441685L,1334,High Value
C954880L,1392,High Value
C521190L,1392,High Value
C196161L,1392,High Value
C724390L,1392,High Value
C922780L,1392,High Value
C743457L,1392,High Value
C784312L,1392,High Value
C301447L,1450,High Value
C715596L,1508,High Value
C911330L,1508,High Value
C115023L,1508,High Value
C900524L,1566,High Value
C607268L,1624,High Value
C868361L,1682,High Value
C455163L,1798,High Value
C129183L,1856,High Value
C156505L,1972,High Value
C353507L,2030,High Value
C247324L,2088,High Value
C760428L,2146,High Value
C500105L,2330,High Value
C721956L,2436,High Value
C670300L,2494,High Value
C618173L,2610,High Value
C537394L,2610,High Value
C830695L,2610,High Value
C588150L,2668,High Value
C654478L,2668,High Value
C818621L,2726,High Value
C550021L,2726,High Value
C995184L,2784,High Value
C631413L,2784,High Value
C387425L,2784,High Value
C725478L,2842,High Value
C784378L,2842,High Value
C857818L,2900,High Value
C990535L,2900,High Value
C221220L,2958,High Value
C503615L,2958,High Value
C803189L,2958,High Value
C589973L,3016,High Value
C149142L,3016,High Value
C955201L,3074,High Value
C704506L,3132,High Value
C765490L,3190,High Value
C374285L,3190,High Value
C607524L,3248,High Value
C941362L,3248,High Value
C795919L,3248,High Value
C932170L,3306,High Value
C188576L,3306,High Value
C856436L,3364,High Value
C379974L,3422,High Value
C809770L,3480,High Value
C536377L,3480,High Value
C629286L,3480,High Value
C467146L,3480,High Value
C588309L,3538,High Value
C765319L,3538,High Value
C699058L,3538,High Value
C138865L,3596,High Value
C424876L,3654,High Value
C176792L,3654,High Value
C304970L,3712,High Value
C536359L,3712,High Value
C143115L,3770,High Value
C780560L,3770,High Value
C954501L,3770,High Value
C267349L,3770,High Value
C211322L,3770,High Value
C412410L,3770,High Value
C136019L,3886,High Value
C462580L,3886,High Value
C663429L,3886,High Value
C640730L,3944,High Value
C761708L,3944,High Value
C487680L,4002,High Value
C956989L,4002,High Value
C241821L,4002,High Value
C661506L,4002,High Value
C538976L,4002,High Value
C135807L,4002,High Value
C290087L,4234,High Value
C370725L,4292,High Value
C991374L,4408,High Value
C427029L,4466,High Value
C837860L,4524,High Value
C886734L,4582,High Value
C875920L,4640,High Value
C317606L,4640,High Value
C960523L,4640,High Value
C818315L,4640,High Value
C241117L,4640,High Value
C713301L,4640,High Value
C653993L,4698,High Value
C761571L,4814,High Value
C763154L,4872,High Value
C883450L,4872,High Value
C328276L,4872,High Value
C115187L,4988,High Value
C782148L,5046,High Value
C398810L,5046,High Value
C361840L,5046,High Value
C645817L,5104,High Value
C308797L,5104,High Value
C175290L,5104,High Value
C190534L,5104,High Value
C475094L,5104,High Value
C685409L,5220,High Value
C869608L,5220,High Value
C575152L,5220,High Value
C206269L,5278,High Value
C430862L,5278,High Value
C778477L,5278,High Value
C898194L,5278,High Value
C519036L,5278,High Value
C601325L,5278,High Value
C411467L,5278,High Value
C442089L,5278,High Value
C455011L,5336,High Value
C193256L,5394,High Value
C859598L,5394,High Value
C207960L,5510,High Value
C252501L,5510,High Value
C752594L,5510,High Value
C225547L,5510,High Value
C389258L,5510,High Value
C358631L,5568,High Value
C419203L,5568,High Value
C941719L,5684,High Value
C576032L,5684,High Value
C617436L,5684,High Value
C445586L,5742,High Value
C651145L,5800,High Value
C280331L,5800,High Value
C877981L,6032,High Value
C815290L,6032,High Value
C410896L,6032,High Value
C225180L,6032,High Value
C830599L,6032,High Value
C985193L,6032,High Value
C709206L,6032,High Value
C822607L,6032,High Value
C939631L,6090,High Value
C510709L,6090,High Value
C130061L,6148,High Value
C931525L,6264,High Value
C921228L,6264,High Value
C649308L,6264,High Value
C932834L,6264,High Value
C504512L,6264,High Value
C860675L,6322,High Value
C284309L,6322,High Value
C825085L,6322,High Value
C211296L,6341,High Value
C815210L,6380,High Value
C610917L,6380,High Value
C856161L,6380,High Value
C652012L,6496,High Value
C667680L,6496,High Value
C931442L,6496,High Value
C142496L,6496,High Value
C614339L,6496,High Value
C685666L,6496,High Value
C463842L,6496,High Value
C989951L,6502,High Value
C695771L,6554,High Value
C611777L,6554,High Value
C620104L,6554,High Value
C201138L,6612,High Value
C417156L,6612,High Value
C567506L,6612,High Value
C368853L,6612,High Value
C169476L,6670,High Value
C281813L,6728,High Value
C670306L,6786,High Value
C148479L,6786,High Value
C507403L,6902,High Value
C571966L,6902,High Value
C581735L,6960,High Value
C763658L,6960,High Value
C269536L,6960,High Value
C633382L,6960,High Value
C469091L,6960,High Value
C551297L,7018,High Value
C774989L,7018,High Value
C475353L,7018,High Value
C637916L,7192,High Value
C635505L,7192,High Value
C686567L,7192,High Value
C220081L,7192,High Value
C270876L,7192,High Value
C597660L,7192,High Value
C919212L,7250,High Value
C469738L,7250,High Value
C370936L,7250,High Value
C551986L,7250,High Value
C807718L,7308,High Value
C694803L,7366,High Value
C544070L,7366,High Value
C548018L,7424,High Value
C559905L,7424,High Value
C854145L,7424,High Value
C729816L,7424,High Value
C230896L,7424,High Value
C303867L,7424,High Value
C852575L,7424,High Value
C190902L,7424,High Value
C990599L,7424,High Value
C870613L,7453,High Value
C645832L,7482,High Value
C855070L,7482,High Value
C321799L,7482,High Value
C552927L,7540,High Value
C299472L,7540,High Value
C439080L,7540,High Value
C380315L,7598,High Value
C506612L,7598,High Value
C898579L,7598,High Value
C339508L,7656,High Value
C757057L,7656,High Value
C162876L,7656,High Value
C917797L,7714,High Value
C416727L,7714,High Value
C648114L,7714,High Value
C796307L,7714,High Value
C590925L,7714,High Value
C239351L,7754,High Value
C508926L,7830,High Value
C293590L,7888,High Value
C559662L,7888,High Value
C185914L,8004,High Value
C990203L,8004,High Value
C864285L,8004,High Value
C973598L,8004,High Value
C607251L,8004,High Value
C755090L,8004,High Value
C741829L,8004,High Value
C516304L,8004,High Value
C485631L,8004,High Value
C247716L,8004,High Value
C317768L,8004,High Value
C845220L,8004,High Value
C415843L,8004,High Value
C514513L,8004,High Value
C720119L,8004,High Value
C978166L,8062,High Value
C383917L,8120,High Value
C928680L,8120,High Value
C696066L,8178,High Value
C438206L,8294,High Value
C727494L,8294,High Value
C415161L,8294,High Value
C234358L,8337,High Value
C819822L,8352,High Value
C890419L,8352,High Value
C759934L,8369,High Value
C120370L,8410,High Value
C417848L,8410,High Value
C396025L,8584,High Value
C867930L,8584,High Value
C165178L,8584,High Value
C951902L,8700,High Value
C959097L,8700,High Value
C689256L,8700,High Value
C700804L,8700,High Value
C525578L,8816,High Value
C653936L,8874,High Value
C272030L,8990,High Value
C133603L,8990,High Value
C412333L,9048,High Value
C120606L,9048,High Value
C821745L,9048,High Value
C858876L,9106,High Value
C249867L,9164,High Value
C239715L,9164,High Value
C463544L,9164,High Value
C433401L,9222,High Value
C437385L,9280,High Value
C757189L,9280,High Value
C391009L,9280,High Value
C903814L,9280,High Value
C474489L,9280,High Value
C896007L,9280,High Value
C448320L,9413,High Value
C513353L,9454,High Value
C335101L,9454,High Value
C527720L,9454,High Value
C681808L,9454,High Value
C346363L,9454,High Value
C117901L,9454,High Value
C211907L,9512,High Value
C748073L,9570,High Value
C375799L,9570,High Value
C763100L,9570,High Value
C594441L,9570,High Value
C119857L,9628,High Value
C188448L,9686,High Value
C194982L,9686,High Value
C491796L,9686,High Value
C403740L,9686,High Value
C565719L,9802,High Value
C822217L,9906,High Value
C873660L,9918,High Value
C534529L,9918,High Value
C761925L,9918,High Value
C311438L,9976,High Value
C362236L,10034,High Value
C276338L,10092,High Value
C745738L,10092,High Value
C817637L,10150,High Value
C266463L,10266,High Value
C774952L,10266,High Value
C492817L,10324,High Value
C264821L,10382,High Value
C858616L,10382,High Value
C618204L,10382,High Value
C220967L,10413,High Value
C636068L,10440,High Value
C669116L,10440,High Value
C262497L,10440,High Value
C361277L,10440,High Value
C493986L,10440,High Value
C112901L,10440,High Value
C292185L,10440,High Value
C794673L,10614,High Value
C274718L,10614,High Value
C904287L,10672,High Value
C936402L,10672,High Value
C533321L,10672,High Value
C975490L,10672,High Value
C128626L,10730,High Value
C274332L,10730,High Value
C171667L,10730,High Value
C871045L,10730,High Value
C457649L,10730,High Value
C807422L,10788,High Value
C160222L,10788,High Value
C362244L,10846,High Value
C263063L,10904,High Value
C376366L,10904,High Value
C650769L,10904,High Value
C694728L,10904,High Value
C261068L,10904,High Value
C615419L,10962,High Value
C251748L,11078,High Value
C560166L,11078,High Value
C170618L,11194,High Value
C450367L,11194,High Value
C896860L,11194,High Value
C464201L,11194,High Value
C358518L,11194,High Value
C423334L,11194,High Value
C352292L,11194,High Value
C318744L,11194,High Value
C735207L,11194,High Value
C745967L,11252,High Value
C520904L,11252,High Value
C134158L,11252,High Value
C279046L,11310,High Value
C978790L,11310,High Value
C427267L,11310,High Value
C477798L,11310,High Value
C413190L,11310,High Value
C125658L,11310,High Value
C623394L,11426,High Value
C206078L,11579,High Value
C305396L,11600,High Value
C781579L,11600,High Value
C491259L,11774,High Value
C557641L,11774,High Value
C535814L,11832,High Value
C224404L,11832,High Value
C936258L,11832,High Value
C822619L,11832,High Value
C981321L,11832,High Value
C367884L,11832,High Value
C801478L,11832,High Value
C367985L,11832,High Value
C364214L,11948,High Value
C897925L,11948,High Value
C640198L,11956,High Value
C433008L,12006,High Value
C220767L,12064,High Value
C280001L,12064,High Value
C538697L,12064,High Value
C154874L,12180,High Value
C661509L,12180,High Value
C233836L,12296,High Value
C794549L,12296,High Value
C753019L,12354,High Value
C174751L,12354,High Value
C449792L,12470,High Value
C221844L,12586,High Value
C661990L,12644,High Value
C268365L,12644,High Value
C691411L,12702,High Value
C140964L,12760,High Value
C835403L,12760,High Value
C349727L,12760,High Value
C300966L,12760,High Value
C695070L,12760,High Value
C889581L,12760,High Value
C672573L,12760,High Value
C970497L,12760,High Value
C811645L,12760,High Value
C655359L,12818,High Value
C177529L,12818,High Value
C856545L,12818,High Value
C559026L,12818,High Value
C117684L,12818,High Value
C485651L,12818,High Value
C480341L,12818,High Value
C164534L,12934,High Value
C485098L,12934,High Value
C558872L,12934,High Value
C145727L,12992,High Value
C614531L,12992,High Value
C282791L,12992,High Value
C933054L,13050,High Value
C275711L,13050,High Value
C925474L,13050,High Value
C446118L,13050,High Value
C531871L,13050,High Value
C427092L,13224,High Value
C320654L,13224,High Value
C742339L,13224,High Value
C726838L,13224,High Value
C276022L,13282,High Value
C597836L,13340,High Value
C280189L,13340,High Value
C315207L,13398,High Value
C489601L,13398,High Value
C954482L,13398,High Value
C360986L,13398,High Value
C934459L,13398,High Value
C942567L,13514,High Value
C295721L,13514,High Value
C599812L,13572,High Value
C591135L,13630,High Value
C974989L,13688,High Value
C623835L,13688,High Value
C498022L,13688,High Value
C565819L,13688,High Value
C465936L,13688,High Value
C349194L,13688,High Value
C894919L,13746,High Value
C544247L,13746,High Value
C279591L,13804,High Value
C820598L,13804,High Value
C455218L,13920,High Value
C847031L,13920,High Value
C801359L,13920,High Value
C766635L,13920,High Value
C975919L,13920,High Value
C756072L,13920,High Value
C286548L,13920,High Value
C424077L,13978,High Value
C772440L,14036,High Value
C536776L,14094,High Value
C718522L,14152,High Value
C749915L,14152,High Value
C325626L,14152,High Value
C692506L,14210,High Value
C219363L,14268,High Value
C494613L,14326,High Value
C435225L,14326,High Value
C238436L,14326,High Value
C880315L,14326,High Value
C836769L,14326,High Value
C302826L,14384,High Value
C808661L,14384,High Value
C750416L,14384,High Value
C765912L,14442,High Value
C229578L,14500,High Value
C678763L,14500,High Value
C570200L,14500,High Value
C969725L,14500,High Value
C508430L,14500,High Value
C150235L,14500,High Value
C817633L,14500,High Value
C997231L,14500,High Value
C437231L,14500,High Value
C370595L,14500,High Value
C887442L,14500,High Value
C177865L,14558,High Value
C901850L,14558,High Value
C450972L,14616,High Value
C994857L,14616,High Value
C367336L,14616,High Value
C174328L,14674,High Value
C794471L,14732,High Value
C496729L,14732,High Value
C413769L,14790,High Value
C120003L,14790,High Value
C678807L,14848,High Value
C791660L,14848,High Value
C799421L,14848,High Value
C573259L,15022,High Value
C865561L,15022,High Value
C626607L,15022,High Value
C278206L,15022,High Value
C246788L,15022,High Value
C354470L,15022,High Value
C565100L,15022,High Value
C345656L,15080,High Value
C846030L,15080,High Value
C560271L,15196,High Value
C126124L,15196,High Value
C704681L,15196,High Value
C512231L,15196,High Value
C529016L,15196,High Value
C711147L,15254,High Value
C790491L,15254,High Value
C833878L,15254,High Value
C419070L,15312,High Value
C642472L,15312,High Value
C660912L,15370,High Value
C961921L,15486,High Value
C809308L,15486,High Value
C831829L,15486,High Value
C432478L,15486,High Value
C212757L,15633,High Value
C439232L,15660,High Value
C826629L,15660,High Value
C860324L,15660,High Value
C448063L,15660,High Value
C568231L,15660,High Value
C889309L,15660,High Value
C291014L,15718,High Value
C807877L,15776,High Value
C775652L,15776,High Value
C506255L,15892,High Value
C675106L,15950,High Value
C794312L,16008,High Value
C820319L,16182,High Value
C724582L,16240,High Value
C864263L,16240,High Value
C264899L,16240,High Value
C126878L,16240,High Value
C955247L,16240,High Value
C863732L,16240,High Value
C469899L,16240,High Value
C870086L,16240,High Value
C634136L,16240,High Value
C594854L,16240,High Value
C157329L,16298,High Value
C507015L,16472,High Value
C318689L,16530,High Value
C254812L,16530,High Value
C696271L,16530,High Value
C681410L,16588,High Value
C353221L,16588,High Value
C471171L,16646,High Value
C812323L,16646,High Value
C832040L,16704,High Value
C338436L,16762,High Value
C464538L,16762,High Value
C162016L,16762,High Value
C393928L,16762,High Value
C402221L,16820,High Value
C639870L,16936,High Value
C848031L,16936,High Value
C630744L,16960,High Value
C157676L,16994,High Value
C365124L,17052,High Value
C765928L,17052,High Value
C852000L,17052,High Value
C307127L,17168,High Value
C122312L,17226,High Value
C177044L,17284,High Value
C315409L,17284,High Value
C739066L,17400,High Value
C521295L,17400,High Value
C376735L,17400,High Value
C181565L,17400,High Value
C427430L,17400,High Value
C898427L,17458,High Value
C231527L,17458,High Value
C996869L,17458,High Value
C572270L,17516,High Value
C589584L,17574,High Value
C288695L,17632,High Value
C559720L,17632,High Value
C286894L,17632,High Value
C682102L,17632,High Value
C934101L,17632,High Value
C267737L,17690,High Value
C807888L,17690,High Value
C323618L,17690,High Value
C914828L,17748,High Value
C418738L,17748,High Value
C207995L,17864,High Value
C744182L,17922,High Value
C189105L,17922,High Value
C722375L,17922,High Value
C617369L,17980,High Value
C641017L,17980,High Value
C619230L,18038,High Value
C555601L,18038,High Value
C466135L,18038,High Value
C518173L,18038,High Value
C367827L,18096,High Value
C880398L,18096,High Value
C930720L,18096,High Value
C388058L,18096,High Value
C515694L,18096,High Value
C752501L,18096,High Value
C821190L,18096,High Value
C411792L,18212,High Value
C767192L,18270,High Value
C440383L,18270,High Value
C567924L,18444,High Value
C444189L,18444,High Value
C731348L,18444,High Value
C485142L,18502,High Value
C555803L,18560,High Value
C642541L,18618,High Value
C749562L,18618,High Value
C949014L,18618,High Value
C180988L,18618,High Value
C651504L,18676,High Value
C770531L,18676,High Value
C290251L,18734,High Value
C262624L,18792,High Value
C416382L,18792,High Value
C937948L,18908,High Value
C996931L,18908,High Value
C337654L,19024,High Value
C913601L,19082,High Value
C935675L,19140,High Value
C596264L,19198,High Value
C134281L,19198,High Value
C499996L,19198,High Value
C335422L,19198,High Value
C264694L,19256,High Value
C809544L,19314,High Value
C164603L,19314,High Value
C572388L,19314,High Value
C173604L,19314,High Value
C276832L,19430,High Value
C811149L,19488,High Value
C413128L,19488,High Value
C334923L,19488,High Value
C127916L,19488,High Value
C405515L,19488,High Value
C361180L,19488,High Value
C214771L,19488,High Value
C837617L,19546,High Value
C177400L,19604,High Value
C184107L,19604,High Value
C904118L,19604,High Value
C762891L,19662,High Value
C937356L,19720,High Value
C368617L,19720,High Value
C561770L,19720,High Value
C489289L,19720,High Value
C434388L,19720,High Value
C930724L,19720,High Value
C738903L,19720,High Value
C713425L,19778,High Value
C741034L,19836,High Value
C783306L,19836,High Value
C407885L,19894,High Value
C506034L,20010,High Value
C634098L,20010,High Value
C127207L,20010,High Value
C840840L,20068,High Value
C487004L,20126,High Value
C765777L,20126,High Value
C343034L,20300,High Value
C580039L,20358,High Value
C221826L,20358,High Value
C554530L,20416,High Value
C216698L,20474,High Value
C271135L,20532,High Value
C828643L,20532,High Value
C499919L,20532,High Value
C394914L,20532,High Value
C405083L,20648,High Value
C194988L,20648,High Value
C536383L,20706,High Value
C694207L,20706,High Value
C430351L,20706,High Value
C665132L,20706,High Value
C532671L,20706,High Value
C306772L,20824,High Value
C840493L,20880,High Value
C666371L,20880,High Value
C274430L,20938,High Value
C316209L,20938,High Value
C640899L,20996,High Value
C144871L,21054,High Value
C799968L,21054,High Value
C315052L,21054,High Value
C863086L,21112,High Value
C359997L,21112,High Value
C548863L,21228,High Value
C865882L,21344,High Value
C625105L,21402,High Value
C690478L,21402,High Value
C454055L,21402,High Value
C947564L,21460,High Value
C198982L,21518,High Value
C952100L,21634,High Value
C594887L,21750,High Value
C855457L,21750,High Value
C893893L,21750,High Value
C722470L,21750,High Value
C130579L,21924,High Value
C437043L,22040,High Value
C600734L,22040,High Value
C845061L,22214,High Value
C844766L,22272,High Value
C479915L,22272,High Value
C260117L,22272,High Value
C984747L,22504,High Value
C478438L,22504,High Value
C263693L,22504,High Value
C652874L,22620,High Value
C442477L,22620,High Value
C658568L,22620,High Value
C170700L,22620,High Value
C734229L,22678,High Value
C276703L,22678,High Value
C811942L,22678,High Value
C680794L,22678,High Value
C545094L,22736,High Value
C657376L,22736,High Value
C571902L,22794,High Value
C164245L,22968,High Value
C165068L,22968,High Value
C996536L,22968,High Value
C675039L,22968,High Value
C249751L,22968,High Value
C137528L,22968,High Value
C580092L,23026,High Value
C910983L,23084,High Value
C616920L,23142,High Value
C331075L,23142,High Value
C395899L,23142,High Value
C355658L,23200,High Value
C790797L,23200,High Value
C157094L,23200,High Value
C681745L,23200,High Value
C393377L,23548,High Value
C377576L,23548,High Value
C636477L,23606,High Value
C683325L,23606,High Value
C814804L,23606,High Value
C987729L,23664,High Value
C840288L,23780,High Value
C540855L,23954,High Value
C333874L,23954,High Value
C153124L,24012,High Value
C140374L,24070,High Value
C263996L,24128,High Value
C307564L,24128,High Value
C959549L,24360,High Value
C466172L,24360,High Value
C998685L,24360,High Value
C386328L,24360,High Value
C342990L,24360,High Value
C756816L,24360,High Value
C664685L,24360,High Value
C157342L,24360,High Value
C876695L,24418,High Value
C421043L,24476,High Value
C417601L,24476,High Value
C162978L,24476,High Value
C666340L,24476,High Value
C856079L,24534,High Value
C847874L,24548,High Value
C325107L,24548,High Value
C615304L,24592,High Value
C693429L,24650,High Value
C878472L,24824,High Value
C796146L,24998,High Value
C785729L,25172,High Value
C494942L,25172,High Value
C214095L,25172,High Value
C119251L,25346,High Value
C971803L,25346,High Value
C510008L,25346,High Value
C817349L,25346,High Value
C513311L,25404,High Value
C303681L,25578,High Value
C216573L,25578,High Value
C908348L,25636,High Value
C421319L,25636,High Value
C352856L,25752,High Value
C291272L,25868,High Value
C172703L,25926,High Value
C896308L,25926,High Value
C576787L,25926,High Value
C945602L,25984,High Value
C821812L,26042,High Value
C592059L,26042,High Value
C223672L,26100,High Value
C461208L,26100,High Value
C491827L,26100,High Value
C148215L,26100,High Value
C812535L,26216,High Value
C736562L,26216,High Value
C811269L,26274,High Value
C983543L,26387,High Value
C615267L,26390,High Value
C332643L,26390,High Value
C175409L,26390,High Value
C701923L,26506,High Value
C787631L,26564,High Value
C603038L,26564,High Value
C914322L,26622,High Value
C238651L,26680,High Value
C389393L,26680,High Value
C815084L,26738,High Value
C350955L,26796,High Value
C476999L,26854,High Value
C652064L,26912,High Value
C179316L,26912,High Value
C655658L,26912,High Value
C277620L,26970,High Value
C774677L,26970,High Value
C249412L,27028,High Value
C242911L,27028,High Value
C539859L,27260,High Value
C421236L,27260,High Value
C901461L,27318,High Value
C711255L,27434,High Value
C706324L,27550,High Value
C261650L,27550,High Value
C795421L,27550,High Value
C596805L,27550,High Value
C454203L,27550,High Value
C457308L,27550,High Value
C796103L,27550,High Value
C147101L,27550,High Value
C699289L,27550,High Value
C662094L,27550,High Value
C351708L,27550,High Value
C454739L,27550,High Value
C817593L,27550,High Value
C840180L,27550,High Value
C992994L,27550,High Value
C165124L,27550,High Value
C657141L,27550,High Value
C871208L,27608,High Value
C619661L,27608,High Value
C373264L,27608,High Value
C824683L,27724,High Value
C203780L,27724,High Value
C252303L,27840,High Value
C246499L,27840,High Value
C169465L,27840,High Value
C973894L,27898,High Value
C356931L,27898,High Value
C881387L,27898,High Value
C222107L,27898,High Value
C414142L,28072,High Value
C241930L,28130,High Value
C937928L,28130,High Value
C168098L,28188,High Value
C564260L,28188,High Value
C587876L,28420,High Value
C671496L,28420,High Value
C139143L,28536,High Value
C360250L,28594,High Value
C299981L,28652,High Value
C484957L,28652,High Value
C879647L,28652,High Value
C639287L,28826,High Value
C863279L,29000,High Value
C610697L,29000,High Value
C990984L,29000,High Value
C509831L,29000,High Value
C269025L,29000,High Value
C995967L,29058,High Value
C768131L,29116,High Value
C855607L,29116,High Value
C516284L,29232,High Value
C616837L,29232,High Value
C494158L,29232,High Value
C734683L,29232,High Value
C208795L,29273,High Value
C810023L,29348,High Value
C154448L,29580,High Value
C944883L,29580,High Value
C422905L,29580,High Value
C201035L,29638,High Value
C429168L,29696,High Value
C413943L,29754,High Value
C218108L,29928,High Value
C641246L,29986,High Value
C649526L,29986,High Value
C130469L,29986,High Value
C307555L,30044,High Value
C854213L,30160,High Value
C305030L,30160,High Value
C471285L,30160,High Value
C457592L,30160,High Value
C813690L,30160,High Value
C860359L,30160,High Value
C875810L,30160,High Value
C735239L,30169,High Value
C910180L,30218,High Value
C451013L,30334,High Value
C618088L,30334,High Value
C610215L,30450,High Value
C562870L,30450,High Value
C434159L,30450,High Value
C555783L,30479,High Value
C137975L,30566,High Value
C594573L,30566,High Value
C862619L,30624,High Value
C923611L,30624,High Value
C779761L,30624,High Value
C862573L,30856,High Value
C773952L,30856,High Value
C985549L,30856,High Value
C607286L,30856,High Value
C793479L,30856,High Value
C555980L,30856,High Value
C115461L,30914,High Value
C287218L,30972,High Value
C474371L,31030,High Value
C986196L,31030,High Value
C824224L,31262,High Value
C794879L,31320,High Value
C534088L,31320,High Value
C215028L,31320,High Value
C210771L,31320,High Value
C392770L,31320,High Value
C245614L,31320,High Value
C849967L,31320,High Value
C213870L,31320,High Value
C365675L,31320,High Value
C830769L,31320,High Value
C342440L,31320,High Value
C352783L,31320,High Value
C835246L,31610,High Value
C725097L,31610,High Value
C680867L,31610,High Value
C168628L,31610,High Value
C385143L,31610,High Value
C823301L,31610,High Value
C509602L,31610,High Value
C356795L,31610,High Value
C445624L,31668,High Value
C518179L,31668,High Value
C606418L,31726,High Value
C479569L,31726,High Value
C492939L,31900,High Value
C257349L,31958,High Value
C998847L,31958,High Value
C208006L,31958,High Value
C129799L,31958,High Value
C468561L,32190,High Value
C307257L,32190,High Value
C826816L,32190,High Value
C645164L,32248,High Value
C743645L,32364,High Value
C986391L,32364,High Value
C888223L,32364,High Value
C510095L,32364,High Value
C865004L,32422,High Value
C293498L,32480,High Value
C966491L,32480,High Value
C828392L,32480,High Value
C415413L,32480,High Value
C196616L,32480,High Value
C219848L,32538,High Value
C780754L,32538,High Value
C715899L,32538,High Value
C330986L,32538,High Value
C702427L,32852,High Value
C405819L,32886,High Value
C680109L,32886,High Value
C899603L,33002,High Value
C738762L,33118,High Value
C374186L,33234,High Value
C253252L,33350,High Value
C464050L,33466,High Value
C704215L,33524,High Value
C241017L,33524,High Value
C979209L,33524,High Value
C399241L,33872,High Value
C296839L,33930,High Value
C744751L,33930,High Value
C825710L,33930,High Value
C338216L,33930,High Value
C804553L,33930,High Value
C654812L,33930,High Value
C374625L,33930,High Value
C873763L,33930,High Value
C422949L,33930,High Value
C243493L,33930,High Value
C883259L,33930,High Value
C898232L,33930,High Value
C685248L,33930,High Value
C284081L,33988,High Value
C133037L,33988,High Value
C606496L,34017,High Value
C898787L,34104,High Value
C637564L,34104,High Value
C189126L,34104,High Value
C289850L,34104,High Value
C650808L,34162,High Value
C420956L,34394,High Value
C688551L,34394,High Value
C557314L,34452,High Value
C240510L,34452,High Value
C908694L,34452,High Value
C348605L,34510,High Value
C174885L,34510,High Value
C924211L,34510,High Value
C764276L,34858,High Value
C733350L,34858,High Value
C389017L,34916,High Value
C862596L,35090,High Value
C383377L,35090,High Value
C954451L,35264,High Value
C186186L,35380,High Value
C744100L,35380,High Value
C621883L,35496,High Value
C976890L,35554,High Value
C180913L,35554,High Value
C270517L,35786,High Value
C359165L,35844,High Value
C159812L,36018,High Value
C653582L,36192,High Value
C604713L,36192,High Value
C189167L,36308,High Value
C913774L,36308,High Value
C824945L,36308,High Value
C981765L,36308,High Value
C203966L,36366,High Value
C806822L,36424,High Value
C416934L,36540,High Value
C342826L,36540,High Value
C668230L,36598,High Value
C882803L,36714,High Value
C980464L,36714,High Value
C643906L,36714,High Value
C580181L,36946,High Value
C192570L,36946,High Value
C325171L,37120,High Value
C411331L,37120,High Value
C656580L,37178,High Value
C950055L,37178,High Value
C833467L,37294,High Value
C649227L,37352,High Value
C699636L,37410,High Value
C997696L,37410,High Value
C262890L,37410,High Value
C953171L,37526,High Value
C326415L,37584,High Value
C638038L,37584,High Value
C175618L,37642,High Value
C462939L,37700,High Value
C400500L,37758,High Value
C645152L,37758,High Value
C229988L,37822,High Value
C530632L,37874,High Value
C447301L,37932,High Value
C610335L,37990,High Value
C244068L,38106,High Value
C182031L,38164,High Value
C454136L,38222,High Value
C648252L,38222,High Value
C410720L,38280,High Value
C203778L,38280,High Value
C778147L,38280,High Value
C949094L,38512,High Value
C129011L,38512,High Value
C629570L,38570,High Value
C984447L,38686,High Value
C738132L,38744,High Value
C952783L,38802,High Value
C380601L,38918,High Value
C504588L,38918,High Value
C875032L,38976,High Value
C551004L,39150,High Value
C684090L,39150,High Value
C527394L,39150,High Value
C392983L,39208,High Value
C180415L,39324,High Value
C140900L,39382,High Value
C738928L,39382,High Value
C969588L,39440,High Value
C939704L,39440,High Value
C888281L,39440,High Value
C967906L,39614,High Value
C130909L,39672,High Value
C800136L,39672,High Value
C724739L,39672,High Value
C746995L,39730,High Value
C550642L,39730,High Value
C316366L,39730,High Value
C789047L,39730,High Value
C597760L,39788,High Value
C213952L,39904,High Value
C675381L,39904,High Value
C963211L,39904,High Value
C309123L,40020,High Value
C760531L,40020,High Value
C776904L,40020,High Value
C375629L,40078,High Value
C298129L,40194,High Value
C682748L,40194,High Value
C903849L,40194,High Value
C220405L,40310,High Value
C844769L,40368,High Value
C995963L,40368,High Value
C182760L,40368,High Value
C281010L,40368,High Value
C356780L,40368,High Value
C622272L,40368,High Value
C327703L,40542,High Value
C486123L,40542,High Value
C621459L,40600,High Value
C194207L,40600,High Value
C485577L,40600,High Value
C397885L,40600,High Value
C281787L,40600,High Value
C950260L,40600,High Value
C958375L,40600,High Value
C530076L,40600,High Value
C588962L,40600,High Value
C726270L,40658,High Value
C491883L,40716,High Value
C425404L,40716,High Value
C415752L,40716,High Value
C852181L,40716,High Value
C899386L,40716,High Value
C900833L,40832,High Value
C672640L,40832,High Value
C850822L,40832,High Value
C394968L,41180,High Value
C309355L,41296,High Value
C682296L,41296,High Value
C647809L,41296,High Value
C230372L,41354,High Value
C678154L,41412,High Value
C791372L,41412,High Value
C469380L,41412,High Value
C328972L,41528,High Value
C454810L,41702,High Value
C684498L,41760,High Value
C137539L,41760,High Value
C337105L,41760,High Value
C271894L,41760,High Value
C862736L,41760,High Value
C423808L,41760,High Value
C702189L,41760,High Value
C934767L,41760,High Value
C692085L,41818,High Value
C432825L,41992,High Value
C131864L,42050,High Value
C189137L,42050,High Value
C266522L,42050,High Value
C174527L,42108,High Value
C457804L,42224,High Value
C831560L,42224,High Value
C461689L,42224,High Value
C241302L,42630,High Value
C599976L,42688,High Value
C601525L,42688,High Value
C714247L,42746,High Value
C770987L,42746,High Value
C180092L,42920,High Value
C624203L,42978,High Value
C789607L,42978,High Value
C986837L,42978,High Value
C949083L,42978,High Value
C477686L,43094,High Value
C184584L,43326,High Value
C809029L,43500,High Value
C253783L,43500,High Value
C943918L,43500,High Value
C423666L,43558,High Value
C715033L,43558,High Value
C579948L,43558,High Value
C261934L,43790,High Value
C872680L,43848,High Value
C238230L,43848,High Value
C840710L,43889,High Value
C382334L,43906,High Value
C702126L,43964,High Value
C851730L,44022,High Value
C272191L,44022,High Value
C642945L,44022,High Value
C418238L,44022,High Value
C359839L,44022,High Value
C135084L,44080,High Value
C456801L,44080,High Value
C709590L,44080,High Value
C263949L,44138,High Value
C953757L,44254,High Value
C714340L,44486,High Value
C219918L,44544,High Value
C432780L,44631,High Value
C740131L,44660,High Value
C749653L,44950,High Value
C350808L,45008,High Value
C427154L,45066,High Value
C433743L,45066,High Value
C199888L,45240,High Value
C734482L,45240,High Value
C160191L,45240,High Value
C527232L,45240,High Value
C159964L,45240,High Value
C616555L,45240,High Value
C509772L,45240,High Value
C736830L,45240,High Value
C948713L,45240,High Value
C776499L,45240,High Value
C995465L,45356,High Value
C658999L,45530,High Value
C423535L,45530,High Value
C263329L,45588,High Value
C864902L,45762,High Value
C603902L,45762,High Value
C969977L,45994,High Value
C225630L,45994,High Value
C534453L,45994,High Value
C951955L,45994,High Value
C127476L,46400,High Value
C593821L,46516,High Value
C795052L,46574,High Value
C259307L,46696,High Value
C119869L,46864,High Value
C732052L,46922,High Value
C788999L,46980,High Value
C363969L,47096,High Value
C717907L,47212,High Value
C359192L,47328,High Value
C837608L,47328,High Value
C879247L,47328,High Value
C749547L,47328,High Value
C420781L,47386,High Value
C328919L,47444,High Value
C625394L,47502,High Value
C247409L,47734,High Value
C958358L,47850,High Value
C543214L,48024,High Value
C923683L,48024,High Value
C894815L,48140,High Value
C896131L,48256,High Value
C485919L,48256,High Value
C693442L,48314,High Value
C766365L,48436,High Value
C334170L,48488,High Value
C408108L,48488,High Value
C499813L,48488,High Value
C949498L,48488,High Value
C210702L,48488,High Value
C253957L,48604,High Value
C662698L,48662,High Value
C144948L,48720,High Value
C865419L,48720,High Value
C499225L,48720,High Value
C545418L,48720,High Value
C402534L,48720,High Value
C594019L,48720,High Value
C989030L,48720,High Value
C996448L,48720,High Value
C137906L,48720,High Value
C268482L,48720,High Value
C781404L,48720,High Value
C729877L,48836,High Value
C884094L,48894,High Value
C518128L,49010,High Value
C678436L,49010,High Value
C729377L,49184,High Value
C175796L,49184,High Value
C456367L,49300,High Value
C615231L,49358,High Value
C781591L,49416,High Value
C208458L,49590,High Value
C730690L,49706,High Value
C738488L,49822,High Value
C876819L,49938,High Value
C966663L,50112,High Value
C143092L,50112,High Value
C120526L,50112,High Value
C579215L,50112,High Value
C646589L,50170,High Value
C701420L,50286,High Value
C236137L,50518,High Value
C799147L,50692,High Value
C153734L,50692,High Value
C508080L,50750,High Value
C263640L,50750,High Value
C810409L,50953,High Value
C218465L,51272,High Value
C215461L,51272,High Value
C643275L,51272,High Value
C862888L,51330,High Value
C521347L,51620,High Value
C132322L,51736,High Value
C287258L,51794,High Value
C290034L,51968,High Value
C824702L,51968,High Value
C269732L,51968,High Value
C956932L,52200,High Value
C139201L,52200,High Value
C814366L,52200,High Value
C343220L,52200,High Value
C511061L,52200,High Value
C684857L,52432,High Value
C388624L,52490,High Value
C418606L,52548,High Value
C887176L,52548,High Value
C816576L,52722,High Value
C268391L,52780,High Value
C584267L,52780,High Value
C969876L,52896,High Value
C477975L,52896,High Value
C729711L,52896,High Value
C308987L,53070,High Value
C800800L,53244,High Value
C840567L,53302,High Value
C445034L,53302,High Value
C163688L,53302,High Value
C838910L,53534,High Value
C444944L,53592,High Value
C874438L,53766,High Value
C693125L,53766,High Value
C245245L,53766,High Value
C566303L,53824,High Value
C421614L,54235,High Value
C572081L,54288,High Value
C867922L,54346,High Value
C206666L,54346,High Value
C383753L,54520,High Value
C218482L,54520,High Value
C950218L,54578,High Value
C664917L,54636,High Value
C235968L,54752,High Value
C117787L,54752,High Value
C381836L,54810,High Value
C352450L,54810,High Value
C745322L,54810,High Value
C679812L,54810,High Value
C979878L,54984,High Value
C982843L,54984,High Value
C670144L,55100,High Value
C157544L,55100,High Value
C820997L,55100,High Value
C231044L,55100,High Value
C557586L,55215,High Value
C533914L,55390,High Value
C556889L,55462,High Value
C756271L,55506,High Value
C541943L,55506,High Value
C266569L,55622,High Value
C592423L,55622,High Value
C968962L,55680,High Value
C340065L,55680,High Value
C787008L,55680,High Value
C836809L,55680,High Value
C736540L,55680,High Value
C902080L,55738,High Value
C948816L,55796,High Value
C127471L,56086,High Value
C589485L,56127,High Value
C578872L,56376,High Value
C762859L,56550,High Value
C401196L,56550,High Value
C901892L,56840,High Value
C492932L,56898,High Value
C501413L,57072,High Value
C892040L,57072,High Value
C216846L,57072,High Value
C951682L,57130,High Value
C517438L,57420,High Value
C803642L,57478,High Value
C282625L,57536,High Value
C673213L,57652,High Value
C268424L,57652,High Value
C925922L,57826,High Value
C391465L,57884,High Value
C587850L,57942,High Value
C988568L,57942,High Value
C539850L,57942,High Value
C196720L,58000,High Value
C296709L,58000,High Value
C510277L,58000,High Value
C824913L,58058,High Value
C425987L,58058,High Value
C843559L,58058,High Value
C737801L,58122,High Value
C652734L,58464,High Value
C164598L,58522,High Value
C690627L,58754,High Value
C508903L,58754,High Value
C491662L,58928,High Value
C975828L,58928,High Value
C701732L,59044,High Value
C613677L,59044,High Value
C780297L,59186,High Value
C949560L,59450,High Value
C985421L,59450,High Value
C451226L,59508,High Value
C690107L,59508,High Value
C708473L,59566,High Value
C691738L,59566,High Value
C926914L,59624,High Value
C283375L,60030,High Value
C517770L,60088,High Value
C600915L,60088,High Value
C654626L,60204,High Value
C460966L,60204,High Value
C194185L,60204,High Value
C520646L,60204,High Value
C318338L,60204,High Value
C491779L,60204,High Value
C176578L,60204,High Value
C686342L,60204,High Value
C902805L,60204,High Value
C190131L,60320,High Value
C556985L,60320,High Value
C556363L,60320,High Value
C360321L,60494,High Value
C213152L,60494,High Value
C494873L,60610,High Value
C908490L,60610,High Value
C470268L,60900,High Value
C139066L,60900,High Value
C875125L,60900,High Value
C614463L,60900,High Value
C977542L,60900,High Value
C755258L,61016,High Value
C761435L,61016,High Value
C602747L,61074,High Value
C640667L,61132,High Value
C330342L,61132,High Value
C256469L,61248,High Value
C815209L,61306,High Value
C143717L,61306,High Value
C366574L,61364,High Value
C467527L,61712,High Value
C274315L,61770,High Value
C410639L,61770,High Value
C900381L,61828,High Value
C636267L,61828,High Value
C915276L,61828,High Value
C452564L,61886,High Value
C245955L,61944,High Value
C673068L,62002,High Value
C330641L,62118,High Value
C341015L,62234,High Value
C517907L,62234,High Value
C273843L,62292,High Value
C325445L,62466,High Value
C532480L,62524,High Value
C504900L,62640,High Value
C765265L,62640,High Value
C406756L,62901,High Value
C954904L,62988,High Value
C482397L,63104,High Value
C833021L,63162,High Value
C578500L,63336,High Value
C185112L,63336,High Value
C613601L,63336,High Value
C298804L,63336,High Value
C446232L,63336,High Value
C209998L,63742,High Value
C219387L,63742,High Value
C509023L,63800,High Value
C783608L,63858,High Value
C407728L,63916,High Value
C404912L,64090,High Value
C454802L,64090,High Value
C375534L,64148,High Value
C905299L,64670,High Value
C539377L,64670,High Value
C912380L,64728,High Value
C160960L,64844,High Value
C598721L,64902,High Value
C887896L,64902,High Value
C118321L,64902,High Value
C481682L,64902,High Value
C188782L,64924,High Value
C943932L,64960,High Value
C324155L,65018,High Value
C931640L,65192,High Value
C336822L,65192,High Value
C269011L,65250,High Value
C851879L,65250,High Value
C823087L,65424,High Value
C264319L,65482,High Value
C788957L,65670,High Value
C701690L,65714,High Value
C114871L,65714,High Value
C266788L,65888,High Value
C452735L,65946,High Value
C164613L,66062,High Value
C220444L,66410,High Value
C674489L,66584,High Value
C935068L,66700,High Value
C961131L,66816,High Value
C450527L,67048,High Value
C551259L,67048,High Value
C637883L,67222,High Value
C992247L,67396,High Value
C693323L,67454,High Value
C185073L,67454,High Value
C642425L,67454,High Value
C817964L,67570,High Value
C664224L,67860,High Value
C221318L,68266,High Value
C602850L,68556,High Value
C435019L,68614,High Value
C267039L,68788,High Value
C395575L,68904,High Value
C725701L,69136,High Value
C585410L,69252,High Value
C837047L,69600,High Value
C901490L,69600,High Value
C934429L,69600,High Value
C159556L,69600,High Value
C948148L,69600,High Value
C464239L,69832,High Value
C469190L,70006,High Value
C602518L,70180,High Value
C727528L,70180,High Value
C555478L,70180,High Value
C576889L,70354,High Value
C324310L,70470,High Value
C512385L,70470,High Value
C459010L,70470,High Value
C284316L,70528,High Value
C939912L,70528,High Value
C407736L,70528,High Value
C509164L,70644,High Value
C418640L,70644,High Value
C296844L,70818,High Value
C475876L,70992,High Value
C627638L,70992,High Value
C516599L,71108,High Value
C690140L,71108,High Value
C875187L,71224,High Value
C388256L,71282,High Value
C421227L,71282,High Value
C636191L,71514,High Value
C165936L,71514,High Value
C404107L,71572,High Value
C668740L,71746,High Value
C552458L,71746,High Value
C243874L,71920,High Value
C945606L,72268,High Value
C205701L,72384,High Value
C962021L,72500,High Value
C140278L,72500,High Value
C898759L,72500,High Value
C782899L,72500,High Value
C280961L,72616,High Value
C687663L,72616,High Value
C890155L,72732,High Value
C560133L,72732,High Value
C563295L,72732,High Value
C934098L,72732,High Value
C931803L,72732,High Value
C612558L,72790,High Value
C442998L,73138,High Value
C441893L,73428,High Value
C711121L,73660,High Value
C146204L,73718,High Value
C693637L,73892,High Value
C130483L,73892,High Value
C878727L,74008,High Value
C562005L,74008,High Value
C792602L,74066,High Value
C962578L,74240,High Value
C630314L,74588,High Value
C242838L,74646,High Value
C534934L,74820,High Value
C854979L,74994,High Value
C346553L,74994,High Value
C597119L,75110,High Value
C920542L,75400,High Value
C214319L,75516,High Value
C306006L,75864,High Value
C696835L,76154,High Value
C550636L,76154,High Value
C438910L,76154,High Value
C430651L,76154,High Value
C714613L,76386,High Value
C974881L,76502,High Value
C729143L,76560,High Value
C726644L,77140,High Value
C503253L,77604,High Value
C940603L,77720,High Value
C840399L,78184,High Value
C888201L,78184,High Value
C848613L,78184,High Value
C375595L,78184,High Value
C543327L,78184,High Value
C694973L,78184,High Value
C243200L,78184,High Value
C646010L,78184,High Value
C515315L,78242,High Value
C814555L,78300,High Value
C904399L,78300,High Value
C756592L,78300,High Value
C319891L,78648,High Value
C528921L,78648,High Value
C521348L,78648,High Value
C866995L,78706,High Value
C555148L,78706,High Value
C268356L,78706,High Value
C559933L,78764,High Value
C934224L,78822,High Value
C963219L,78880,High Value
C628245L,78880,High Value
C140150L,79344,High Value
C715327L,79692,High Value
C185244L,79750,High Value
C942290L,79750,High Value
C581717L,79750,High Value
C307395L,80040,High Value
C935913L,80040,High Value
C191359L,80040,High Value
C902626L,80040,High Value
C588147L,80214,High Value
C723722L,80388,High Value
C880300L,80504,High Value
C268503L,81142,High Value
C435496L,81200,High Value
C111795L,81432,High Value
C856647L,81896,High Value
C684985L,82766,High Value
C742109L,82824,High Value
C365512L,82940,High Value
C222231L,82940,High Value
C716226L,82940,High Value
C869011L,82940,High Value
C855073L,82940,High Value
C458563L,82940,High Value
C561668L,82998,High Value
C818990L,83288,High Value
C830897L,83462,High Value
C649500L,83694,High Value
C254504L,83810,High Value
C200120L,84564,High Value
C404142L,84854,High Value
C789657L,84970,High Value
C987789L,85028,High Value
C398448L,85202,High Value
C292711L,85434,High Value
C732744L,85840,High Value
C639016L,85840,High Value
C611418L,85840,High Value
C201592L,85840,High Value
C170658L,85840,High Value
C835947L,85840,High Value
C313446L,85956,High Value
C827470L,86130,High Value
C846752L,86362,High Value
C487094L,86420,High Value
C191776L,86652,High Value
C229632L,86942,High Value
C660512L,87000,High Value
C910116L,87000,High Value
C450606L,87754,High Value
C671834L,87754,High Value
C818619L,87812,High Value
C138822L,87812,High Value
C576524L,88044,High Value
C411610L,88044,High Value
C312106L,88160,High Value
C728795L,88218,High Value
C924458L,88218,High Value
C242356L,88334,High Value
C287698L,88334,High Value
C782053L,88334,High Value
C515428L,88566,High Value
C877494L,88624,High Value
C353508L,88624,High Value
C871706L,88740,High Value
C189692L,88740,High Value
C192819L,88740,High Value
C534503L,88914,High Value
C586692L,89088,High Value
C299819L,89111,High Value
C217289L,89320,High Value
C435250L,89610,High Value
C441526L,89610,High Value
C723100L,89784,High Value
C917454L,89900,High Value
C563742L,89900,High Value
C516797L,90132,High Value
C485200L,90248,High Value
C434444L,90306,High Value
C257934L,90306,High Value
C737831L,90480,High Value
C782890L,90480,High Value
C508126L,90480,High Value
C498440L,90799,High Value
C790632L,91089,High Value
C123091L,91292,High Value
C724475L,91292,High Value
C892614L,91292,High Value
C197481L,91292,High Value
C941200L,91350,High Value
C905217L,91582,High Value
C962381L,91640,High Value
C944941L,91640,High Value
C140324L,91640,High Value
C577641L,91851,High Value
C437156L,91872,High Value
C234957L,91930,High Value
C946451L,92046,High Value
C404036L,92510,High Value
C191168L,92568,High Value
C882122L,92974,High Value
C123513L,92974,High Value
C132219L,93206,High Value
C961302L,93264,High Value
C873465L,93496,High Value
C263110L,93960,High Value
C571352L,94192,High Value
C379337L,94308,High Value
C943785L,94656,High Value
C117972L,94946,High Value
C913444L,94946,High Value
C514998L,95004,High Value
C795594L,95004,High Value
C158331L,95584,High Value
C474287L,95700,High Value
C403379L,95700,High Value
C260177L,95816,High Value
C646470L,95816,High Value
C244357L,95816,High Value
C955474L,95816,High Value
C370700L,95932,High Value
C951342L,96048,High Value
C641048L,96106,High Value
C885913L,96164,High Value
C441237L,96628,High Value
C355402L,96918,High Value
C913727L,96976,High Value
C400506L,97440,High Value
C735448L,97440,High Value
C268849L,97498,High Value
C241633L,97846,High Value
C394799L,98310,High Value
C322236L,99180,High Value
C831192L,99180,High Value
C749092L,99180,High Value
C765760L,99180,High Value
C327193L,99180,High Value
C278469L,99180,High Value
C339933L,99180,High Value
C791179L,99180,High Value
C771189L,99354,High Value
C667729L,99354,High Value
C448684L,99528,High Value
C127144L,99760,High Value
C935666L,99876,High Value
C371126L,99876,High Value
C120985L,99876,High Value
C400107L,99876,High Value
C538250L,100224,High Value
C827330L,100398,High Value
C310729L,100920,High Value
C852354L,101500,High Value
C529841L,101732,High Value
C475513L,101964,High Value
C912653L,102022,High Value
C735415L,102080,High Value
C230249L,102138,High Value
C901601L,102718,High Value
C993688L,102718,High Value
C807265L,103124,High Value
C150653L,103414,High Value
C892839L,103443,High Value
C585651L,103530,High Value
C684080L,103646,High Value
C352946L,103704,High Value
C390419L,103704,High Value
C673858L,103704,High Value
C245825L,103704,High Value
C682272L,103878,High Value
C269965L,103936,High Value
C817363L,103994,High Value
C876359L,104284,High Value
C781710L,104284,High Value
C377488L,104342,High Value
C499796L,105270,High Value
C595892L,105328,High Value
C926725L,105502,High Value
C630421L,105560,High Value
C866418L,105560,High Value
C259604L,106024,High Value
C825216L,106082,High Value
C192004L,106256,High Value
C511866L,106256,High Value
C927175L,106894,High Value
C508330L,106894,High Value
C642828L,107010,High Value
C844272L,107300,High Value
C884211L,107300,High Value
C575072L,107474,High Value
C248634L,107648,High Value
C569932L,107880,High Value
C653184L,108054,High Value
C917760L,108054,High Value
C875370L,108054,High Value
C979577L,108054,High Value
C592986L,108054,High Value
C767768L,108054,High Value
C506825L,108054,High Value
C853288L,108054,High Value
C197356L,108460,High Value
C817108L,108692,High Value
C451523L,109040,High Value
C476508L,109620,High Value
C596609L,109620,High Value
C853582L,109620,High Value
C119187L,110084,High Value
C310022L,110432,High Value
C882579L,110490,High Value
C563349L,110548,High Value
C113448L,110548,High Value
C157340L,110780,High Value
C155618L,111128,High Value
C763705L,111186,High Value
C993898L,111360,High Value
C112612L,111360,High Value
C634209L,111476,High Value
C563099L,112056,High Value
C604951L,112056,High Value
C149914L,112056,High Value
C207844L,112056,High Value
C366090L,112056,High Value
C821363L,112056,High Value
C275052L,112056,High Value
C375470L,112056,High Value
C814447L,112056,High Value
C490081L,112056,High Value
C877022L,112056,High Value
C702867L,112056,High Value
C513079L,112056,High Value
C313074L,112056,High Value
C670128L,112056,High Value
C837184L,112056,High Value
C802941L,112056,High Value
C698745L,112230,High Value
C336752L,112230,High Value
C972075L,112868,High Value
C864846L,112868,High Value
C902927L,113100,High Value
C466208L,113448,High Value
C181793L,113854,High Value
C790783L,114028,High Value
C283300L,114202,High Value
C888813L,114202,High Value
C700972L,114202,High Value
C286514L,114376,High Value
C686513L,114840,High Value
C514643L,115014,High Value
C934566L,115304,High Value
C177534L,115304,High Value
C827195L,115768,High Value
C349980L,116000,High Value
C281598L,116116,High Value
C998826L,116290,High Value
C118559L,116406,High Value
C288932L,116812,High Value
C621738L,116986,High Value
C877563L,117334,High Value
C111808L,117334,High Value
C618250L,117450,High Value
C435752L,117624,High Value
C880793L,117914,High Value
C895286L,118088,High Value
C357709L,118262,High Value
C370659L,118320,High Value
C455662L,119190,High Value
C173821L,119190,High Value
C387916L,119364,High Value
C355195L,120002,High Value
C131307L,120002,High Value
C584166L,120408,High Value
C875194L,120408,High Value
C683002L,120408,High Value
C907593L,120524,High Value
C373791L,120640,High Value
C607972L,120640,High Value
C860548L,120640,High Value
C142435L,120640,High Value
C535620L,120872,High Value
C656414L,121278,High Value
C154828L,121394,High Value
C247805L,121394,High Value
C980590L,121568,High Value
C628905L,121626,High Value
C555100L,121684,High Value
C514321L,121800,High Value
C357173L,121800,High Value
C145094L,122960,High Value
C886812L,122960,High Value
C504943L,123308,High Value
C359917L,123888,High Value
C131997L,124062,High Value
C389857L,124062,High Value
C422171L,124410,High Value
C872183L,125164,High Value
C137924L,125396,High Value
C113061L,125860,High Value
C846375L,126614,High Value
C439929L,127194,High Value
C524286L,127368,High Value
C777246L,127948,High Value
C286374L,128064,High Value
C545162L,128064,High Value
C333086L,128064,High Value
C405771L,128064,High Value
C547681L,128064,High Value
C430739L,128064,High Value
C927578L,128064,High Value
C727310L,128064,High Value
C505925L,128064,High Value
C153551L,128064,High Value
C505505L,128064,High Value
C170103L,128064,High Value
C967540L,128064,High Value
C166448L,128064,High Value
C919265L,128064,High Value
C425949L,128064,High Value
C863827L,128064,High Value
C926482L,128064,High Value
C577018L,128064,High Value
C543153L,128064,High Value
C364393L,128064,High Value
C576765L,128064,High Value
C608133L,128296,High Value
C438346L,128702,High Value
C504884L,128992,High Value
C980063L,129224,High Value
C378624L,129514,High Value
C182629L,129920,High Value
C903932L,130036,High Value
C133315L,130500,High Value
C844500L,130500,High Value
C710076L,130500,High Value
C150251L,130500,High Value
C114466L,130500,High Value
C117017L,130732,High Value
C226151L,130964,High Value
C887845L,131080,High Value
C813844L,131718,High Value
C211924L,131892,High Value
C504457L,131950,High Value
C630111L,132704,High Value
C194353L,132878,High Value
C149895L,132936,High Value
C420873L,133110,High Value
C141121L,133110,High Value
C885240L,133168,High Value
C170228L,133168,High Value
C735613L,133458,High Value
C864410L,133458,High Value
C988804L,133632,High Value
C115156L,133922,High Value
C282235L,134096,High Value
C284729L,134908,High Value
C912151L,135430,High Value
C659113L,135720,High Value
C680487L,135720,High Value
C901131L,135894,High Value
C147249L,136126,High Value
C219599L,136126,High Value
C536378L,136126,High Value
C803978L,136167,High Value
C624232L,136242,High Value
C431390L,136532,High Value
C790532L,136760,High Value
C426893L,136764,High Value
C298406L,137054,High Value
C199971L,137402,High Value
C810915L,137750,High Value
C248905L,139026,High Value
C166327L,139084,High Value
C558736L,139200,High Value
C332046L,139200,High Value
C283648L,139374,High Value
C844341L,139374,High Value
C331164L,140070,High Value
C301066L,140418,High Value
C509242L,142158,High Value
C669321L,142564,High Value
C539674L,143086,High Value
C747459L,143202,High Value
C687298L,143376,High Value
C670896L,143840,High Value
C812198L,144072,High Value
C580970L,144072,High Value
C248469L,144072,High Value
C942480L,144072,High Value
C247915L,144072,High Value
C358152L,144072,High Value
C200501L,144072,High Value
C673861L,144072,High Value
C228201L,144072,High Value
C487379L,144072,High Value
C236335L,144072,High Value
C732178L,144072,High Value
C491617L,144072,High Value
C985407L,144072,High Value
C307212L,144072,High Value
C197331L,144072,High Value
C409050L,144072,High Value
C508875L,144768,High Value
C656885L,145000,High Value
C189483L,145058,High Value
C441288L,145754,High Value
C607344L,146276,High Value
C288152L,146798,High Value
C929625L,147494,High Value
C848074L,147900,High Value
C839755L,148480,High Value
C189009L,148654,High Value
C818614L,148886,High Value
C969541L,149292,High Value
C121106L,149350,High Value
C695592L,149640,High Value
C596112L,149872,High Value
C409316L,149872,High Value
C668516L,150046,High Value
C684117L,150394,High Value
C845990L,150916,High Value
C613878L,151252,High Value
C203840L,151380,High Value
C883838L,151380,High Value
C465805L,151554,High Value
C344343L,151554,High Value
C605426L,151554,High Value
C423193L,151728,High Value
C202773L,154280,High Value
C914272L,155208,High Value
C751410L,155846,High Value
C644653L,156542,High Value
C960526L,157238,High Value
C986058L,157702,High Value
C386951L,157702,High Value
C358924L,157760,High Value
C676102L,158514,High Value
C566964L,159152,High Value
C415088L,159558,High Value
C978174L,159732,High Value
C526737L,160080,High Value
C717679L,160602,High Value
C171718L,161298,High Value
C766565L,162400,High Value
C960072L,162690,High Value
C360501L,162690,High Value
C913594L,163502,High Value
C976222L,163618,High Value
C759123L,163850,High Value
C933998L,164256,High Value
C505840L,164488,High Value
C453519L,165416,High Value
C573345L,165474,High Value
C439639L,166402,High Value
C738783L,166866,High Value
C942292L,167040,High Value
C610078L,167680,High Value
C331049L,168316,High Value
C890814L,168896,High Value
C536052L,169128,High Value
C988571L,170114,High Value
C989089L,170172,High Value
C534714L,170230,High Value
C713963L,170750,High Value
C876106L,170868,High Value
C481062L,171620,High Value
C333379L,171680,High Value
C461801L,171680,High Value
C529160L,171680,High Value
C880722L,172260,High Value
C420548L,172318,High Value
C417984L,172550,High Value
C139722L,172550,High Value
C116575L,172550,High Value
C373144L,172898,High Value
C866875L,173130,High Value
C615777L,173130,High Value
C849015L,173130,High Value
C763103L,173130,High Value
C577894L,173130,High Value
C791023L,174580,High Value
C305773L,175566,High Value
C768693L,175624,High Value
C816773L,176030,High Value
C453517L,176200,High Value
C589918L,176200,High Value
C787096L,176204,High Value
C749538L,176320,High Value
C804461L,176842,High Value
C956638L,178292,High Value
C806347L,178814,High Value
C841484L,179452,High Value
C720917L,179568,High Value
C631140L,180032,High Value
C919468L,180960,High Value
C468569L,182874,High Value
C709150L,183106,High Value
C878612L,183222,High Value
C725830L,183744,High Value
C240527L,185600,High Value
C384466L,186180,High Value
C153475L,187050,High Value
C823189L,187804,High Value
C251997L,188790,High Value
C698317L,189080,High Value
C766353L,189660,High Value
C314803L,189776,High Value
C964914L,190588,High Value
C860360L,191400,High Value
C317777L,191400,High Value
C983849L,193024,High Value
C968002L,193430,High Value
C417708L,193604,High Value
C547456L,194300,High Value
C400269L,194880,High Value
C415016L,195228,High Value
C649461L,196736,High Value
C624297L,196910,High Value
C983438L,197200,High Value
C574921L,198708,High Value
C771769L,198708,High Value
C747623L,200100,High Value
C333743L,200564,High Value
C325659L,202188,High Value
C807552L,202710,High Value
C937013L,203870,High Value
C773709L,204044,High Value
C308989L,205146,High Value
C550990L,205204,High Value
C122490L,205204,High Value
C936078L,205262,High Value
C787582L,205436,High Value
C804277L,205784,High Value
C812780L,206016,High Value
C487528L,206828,High Value
C204382L,207060,High Value
C551324L,207176,High Value
C846307L,207756,High Value
C200313L,208100,High Value
C460493L,209612,High Value
C263041L,210250,High Value
C413536L,211874,High Value
C786292L,212280,High Value
C892699L,214600,High Value
C927076L,214716,High Value
C218770L,214948,High Value
C396511L,215354,High Value
C213949L,215584,High Value
C544122L,215880,High Value
C199781L,216108,High Value
C370534L,217384,High Value
C853853L,218544,High Value
C863131L,219182,High Value
C671684L,219588,High Value
C712752L,219646,High Value
C129961L,219820,High Value
C360295L,219878,High Value
C303166L,220284,High Value
C113767L,221560,High Value
C167007L,221618,High Value
C681607L,223300,High Value
C191651L,224112,High Value
C382697L,224750,High Value
C549188L,225330,High Value
C521935L,226026,High Value
C508405L,226490,High Value
C256446L,226490,High Value
C780896L,226548,High Value
C296643L,226780,High Value
C615063L,229158,High Value
C933620L,229564,High Value
C595846L,229738,High Value
C149325L,229854,High Value
C177455L,229854,High Value
C245316L,230202,High Value
C605459L,230440,High Value
C891008L,232000,High Value
C846643L,233624,High Value
C587654L,234668,High Value
C474500L,234900,High Value
C310610L,234900,High Value
C127259L,235480,High Value
C319814L,236582,High Value
C851854L,236698,High Value
C700241L,236810,High Value
C305512L,238380,High Value
C351295L,238380,High Value
C924102L,238728,High Value
C922594L,239830,High Value
C839319L,240584,High Value
C381049L,240874,High Value
C870711L,241686,High Value
C713173L,241976,High Value
C964079L,245050,High Value
C922671L,247312,High Value
C536852L,248590,High Value
C838592L,249864,High Value
C900279L,249864,High Value
C306430L,249864,High Value
C355284L,249980,High Value
C485419L,250560,High Value
C902527L,253344,High Value
C315116L,253344,High Value
C993393L,253402,High Value
C195614L,253692,High Value
C187532L,253750,High Value
C944877L,255200,High Value
C991995L,256128,High Value
C569230L,256128,High Value
C331799L,256650,High Value
C699837L,257234,High Value
C847221L,258854,High Value
C887786L,260360,High Value
C534632L,261000,High Value
C897819L,261000,High Value
C910506L,261712,High Value
C547048L,263436,High Value
C878882L,264130,High Value
C240610L,264944,High Value
C287856L,265464,High Value
C441523L,265930,High Value
C520887L,266220,High Value
C497410L,266568,High Value
C680479L,269120,High Value
C324691L,269120,High Value
C136681L,269642,High Value
C593262L,269700,High Value
C287848L,270222,High Value
C459460L,270280,High Value
C832673L,271440,High Value
C961402L,271904,High Value
C170839L,272368,High Value
C405274L,272600,High Value
C489513L,273180,High Value
C455788L,275326,High Value
C649688L,276428,High Value
C205273L,277414,High Value
C297208L,277414,High Value
C419376L,281880,High Value
C665170L,282230,High Value
C534379L,282982,High Value
C550002L,283852,High Value
C362680L,284026,High Value
C544288L,284026,High Value
C861468L,285012,High Value
C792410L,285940,High Value
C146794L,286750,High Value
C733738L,287210,High Value
C410131L,287210,High Value
C872595L,287680,High Value
C188809L,288376,High Value
C451085L,289072,High Value
C795284L,289246,High Value
C567307L,292204,High Value
C264023L,294640,High Value
C723603L,295104,High Value
C225030L,296670,High Value
C395036L,297134,High Value
C271531L,298178,High Value
C333323L,302528,High Value
C529046L,303920,High Value
C185164L,304500,High Value
C942158L,304500,High Value
C467150L,308560,High Value
C171592L,310996,High Value
C406317L,311518,High Value
C512943L,313200,High Value
C427924L,313200,High Value
C822501L,315520,High Value
C481492L,317780,High Value
C304965L,317780,High Value
C579794L,318652,High Value
C835970L,320119,High Value
C766077L,320160,High Value
C196853L,320798,High Value
C724832L,322944,High Value
C850633L,322944,High Value
C937189L,329614,High Value
C174413L,331880,High Value
C128765L,331880,High Value
C978527L,332804,High Value
C124053L,333732,High Value
C826722L,333732,High Value
C914093L,334080,High Value
C756954L,334718,High Value
C895872L,334718,High Value
C142320L,334718,High Value
C623383L,334892,High Value
C871729L,335936,High Value
C230351L,338604,High Value
C287376L,343534,High Value
C774835L,343824,High Value
C390206L,345680,High Value
C409981L,347304,High Value
C751329L,349102,High Value
C674615L,355076,High Value
C457096L,356178,High Value
C888995L,360180,High Value
C865251L,360702,High Value
C227974L,362674,High Value
C625201L,366150,High Value
C617345L,367140,High Value
C158864L,367778,High Value
C349501L,368242,High Value
C213587L,372998,High Value
C688480L,374390,High Value
C563598L,374560,High Value
C141629L,376130,High Value
C613160L,380190,High Value
C796422L,380250,High Value
C950477L,380600,High Value
C196682L,381060,High Value
C373784L,381528,High Value
C723754L,385120,High Value
C481499L,385120,High Value
C292536L,388540,High Value
C319070L,391326,High Value
C119111L,400200,High Value
C266096L,401476,High Value
C894573L,402520,High Value
C477884L,407564,High Value
C658358L,408320,High Value
C975587L,409654,High Value
C975259L,409886,High Value
C483318L,410582,High Value
C493516L,412264,High Value
C507440L,412900,High Value
C565920L,414468,High Value
C500766L,414874,High Value
C284236L,416498,High Value
C761951L,422994,High Value
C538751L,429380,High Value
C136210L,429548,High Value
C772704L,434652,High Value
C932944L,435000,High Value
C744728L,435820,High Value
C555245L,437494,High Value
C401539L,440684,High Value
C541439L,441960,High Value
C179018L,444918,High Value
C432709L,445324,High Value
C132488L,445440,High Value
C531144L,445788,High Value
C399668L,447640,High Value
C652399L,449500,High Value
C482428L,451936,High Value
C426604L,452398,High Value
C192846L,453850,High Value
C655824L,454140,High Value
C241190L,454140,High Value
C673426L,454140,High Value
C143245L,454604,High Value
C175120L,456054,High Value
C867007L,458200,High Value
C802541L,459650,High Value
C852869L,461620,High Value
C735927L,462144,High Value
C118268L,462840,High Value
C544448L,463020,High Value
C830977L,469411,High Value
C861081L,469452,High Value
C612260L,469740,High Value
C631361L,471772,High Value
C354444L,473164,High Value
C697369L,473980,High Value
C565012L,480820,High Value
C517688L,493290,High Value
C402794L,495842,High Value
C813380L,495900,High Value
C857523L,495900,High Value
C225454L,496070,High Value
C373284L,496540,High Value
C895064L,497988,High Value
C347731L,498970,High Value
C120887L,499380,High Value
C849387L,502520,High Value
C261243L,507500,High Value
C259981L,507964,High Value
C576952L,508080,High Value
C128520L,508950,High Value
C206125L,509762,High Value
C755329L,510280,High Value
C252035L,512256,High Value
C827569L,512256,High Value
C474548L,512778,High Value
C813946L,514460,High Value
C727016L,515620,High Value
C562918L,520380,High Value
C622494L,521420,High Value
C352171L,521710,High Value
C574758L,524380,High Value
C247380L,525770,High Value
C886572L,526176,High Value
C546010L,527800,High Value
C177843L,531860,High Value
C972704L,532266,High Value
C688087L,534180,High Value
C780258L,534180,High Value
C891022L,540270,High Value
C923240L,542474,High Value
C840846L,547930,High Value
C307227L,551580,High Value
C848357L,556568,High Value
C718296L,562480,High Value
C122065L,568400,High Value
C745016L,570370,High Value
C629303L,576056,High Value
C481158L,578550,High Value
C389745L,578900,High Value
C400722L,580990,High Value
C115338L,583360,High Value
C763722L,583534,High Value
C969315L,585742,High Value
C842170L,586150,High Value
C604324L,592350,High Value
C248407L,600648,High Value
C501549L,602100,High Value
C720927L,604360,High Value
C598984L,605520,High Value
C717559L,618976,High Value
C784668L,622514,High Value
C139135L,623500,High Value
C172503L,625300,High Value
C875936L,631910,High Value
C182986L,635738,High Value
C845064L,637710,High Value
C859189L,638580,High Value
C212997L,638754,High Value
C624290L,639100,High Value
C216417L,647970,High Value
C223799L,650760,High Value
C712032L,652558,High Value
C987239L,653430,High Value
C949023L,662770,High Value
C304951L,662940,High Value
C339400L,665780,High Value
C531212L,678600,High Value
C186576L,690200,High Value
C462915L,693448,High Value
C663409L,709340,High Value
C326471L,710270,High Value
C499591L,715200,High Value
C263779L,716996,High Value
C757933L,720302,High Value
C157296L,722620,High Value
C853448L,722620,High Value
C824977L,722620,High Value
C683691L,725000,High Value
C838948L,726970,High Value
C319615L,726970,High Value
C545190L,727030,High Value
C902445L,731960,High Value
C998017L,731960,High Value
C605914L,733120,High Value
C214179L,737760,High Value
C667928L,747330,High Value
C831589L,747330,High Value
C256400L,748080,High Value
C139822L,768380,High Value
C551481L,770704,High Value
C842885L,773372,High Value
C711954L,784390,High Value
C305209L,786016,High Value
C583837L,787524,High Value
C913321L,801560,High Value
C811785L,818434,High Value
C356966L,822672,High Value
C392296L,826500,High Value
C925101L,829400,High Value
C864099L,830560,High Value
C816599L,831660,High Value
C232436L,833050,High Value
C854229L,833340,High Value
C449403L,842330,High Value
C415262L,842330,High Value
C836966L,842330,High Value
C932357L,842330,High Value
C313927L,854170,High Value
C197222L,863040,High Value
C787119L,869130,High Value
C910919L,872958,High Value
C493693L,872958,High Value
C558438L,873480,High Value
C266750L,881430,High Value
C617555L,883100,High Value
C609115L,885312,High Value
C574563L,902020,High Value
C578429L,925620,High Value
C244786L,925620,High Value
C943270L,933116,High Value
C499767L,936580,High Value
C205341L,941220,High Value
C156959L,942500,High Value
C641308L,942500,High Value
C809453L,943950,High Value
C823220L,946910,High Value
C952778L,946910,High Value
C166377L,946910,High Value
C317326L,948530,High Value
C232406L,951786,High Value
C507691L,952240,High Value
C353600L,953404,High Value
C123638L,963960,High Value
C140984L,969000,High Value
C602010L,969760,High Value
C493539L,970220,High Value
C483534L,970220,High Value
C289852L,970220,High Value
C329646L,972660,High Value
C890940L,979504,High Value
C211164L,987910,High Value
C134052L,996382,High Value
C842855L,996440,High Value
C811261L,1000090,High Value
C606338L,1000500,High Value
C340781L,1005370,High Value
C845035L,1006300,High Value
C516220L,1007170,High Value
C587254L,1007170,High Value
C900915L,1007520,High Value
C546651L,1010710,High Value
C451973L,1011636,High Value
C784177L,1040460,High Value
C280043L,1040460,High Value
C496529L,1040460,High Value
C752545L,1041680,High Value
C887703L,1043324,High Value
C191766L,1050176,High Value
C822743L,1050790,High Value
C627128L,1054092,High Value
C661635L,1057510,High Value
C214255L,1057978,High Value
C614407L,1065460,High Value
C885565L,1070912,High Value
C712908L,1079322,High Value
C985354L,1082978,High Value
C927720L,1083500,High Value
C588745L,1084890,High Value
C505515L,1092774,High Value
C450037L,1104430,High Value
C265629L,1119280,High Value
C879144L,1122880,High Value
C239518L,1137550,High Value
C305250L,1137550,High Value
C297051L,1137550,High Value
C501840L,1140400,High Value
C339498L,1169630,High Value
C354134L,1173920,High Value
C867277L,1174500,High Value
C388303L,1174500,High Value
C312751L,1185520,High Value
C618216L,1189580,High Value
C780410L,1211040,High Value
C395230L,1226580,High Value
C622053L,1231340,High Value
C327170L,1234990,High Value
C831683L,1240326,High Value
C764741L,1261440,High Value
C234415L,1261440,High Value
C170689L,1264630,High Value
C995819L,1269968,High Value
C675111L,1282900,High Value
C898693L,1282900,High Value
C987678L,1298330,High Value
C342926L,1302330,High Value
C827455L,1311960,High Value
C863302L,1317470,High Value
C290414L,1332144,High Value
C685632L,1333010,High Value
C740296L,1337360,High Value
C332716L,1339800,High Value
C210751L,1340960,High Value
C249528L,1343280,High Value
C275787L,1343800,High Value
C198991L,1345310,High Value
C469416L,1356500,High Value
C805055L,1362420,High Value
C259075L,1390780,High Value
C497556L,1390780,High Value
C676393L,1422860,High Value
C675024L,1429350,High Value
C433456L,1459510,High Value
C178509L,1465490,High Value
C171874L,1507360,High Value
C927784L,1517630,High Value
C920061L,1517630,High Value
C540782L,1548540,High Value
C157780L,1566000,High Value
C360482L,1566924,High Value
C324132L,1573656,High Value
C922403L,1586880,High Value
C488123L,1590530,High Value
C185779L,1597320,High Value
C172885L,1599350,High Value
C969119L,1601322,High Value
C479992L,1607820,High Value
C139855L,1614024,High Value
C404192L,1628934,High Value
C436261L,1630206,High Value
C837518L,1650100,High Value
C970510L,1652710,High Value
C734785L,1667440,High Value
C485693L,1669197,High Value
C805381L,1670630,High Value
C215643L,1764130,High Value
C628392L,1764130,High Value
C885445L,1809370,High Value
C580710L,1809370,High Value
C603530L,1812384,High Value
C544293L,1818820,High Value
C191638L,1829900,High Value
C489981L,1885230,High Value
C813497L,1937200,High Value
C900628L,1958950,High Value
C143765L,1958950,High Value
C760843L,1958950,High Value
C560369L,1994040,High Value
C163934L,1999380,High Value
C453900L,2033480,High Value
C607118L,2033480,High Value
C869172L,2035820,High Value
C615032L,2063820,High Value
C541932L,2078080,High Value
C504001L,2082320,High Value
C363012L,2084404,High Value
C294880L,2086260,High Value
C348049L,2093220,High Value
C500464L,2126860,High Value
C773779L,2139040,High Value
C994467L,2226550,High Value
C844249L,2239670,High Value
C893754L,2304350,High Value
C792683L,2305738,High Value
C826850L,2313968,High Value
C168876L,2324988,High Value
C996508L,2334848,High Value
C588794L,2377478,High Value
C527307L,2392906,High Value
C688797L,2442902,High Value
C650820L,2485878,High Value
C191188L,2505020,High Value
C158367L,2565340,High Value
C713589L,2591730,High Value
C339395L,2603040,High Value
C218616L,2697870,High Value
C678257L,2705296,High Value
C239306L,2714872,High Value
C352487L,2760514,High Value
C622883L,2815436,High Value
C516821L,2841310,High Value
C924660L,2869260,High Value
C488097L,2874130,High Value
C872920L,3007940,High Value
C872421L,3102420,High Value
C399101L,3164246,High Value
C345763L,3190290,High Value
C371659L,3192550,High Value
C724228L,3219000,High Value
C412936L,3248522,High Value
C249483L,3342710,High Value
C653890L,3364000,High Value
C586717L,3397350,High Value
C867333L,3439690,High Value
C287945L,3549600,High Value
C149990L,3703190,High Value
C132041L,3729340,High Value
C143684L,3778694,High Value
C481253L,3803988,High Value
C788509L,3862788,High Value
C160493L,3893700,High Value
C698097L,3957284,High Value
C992621L,4032104,High Value
C274456L,4102920,High Value
C162721L,4196840,High Value
C134982L,4270660,High Value
C360252L,4272280,High Value
C814229L,4577826,High Value
C958287L,4589702,High Value
C166968L,4623818,High Value
C813614L,4639768,High Value
C899192L,4674280,High Value
C220911L,4781870,High Value
C112088L,4933480,High Value
C932085L,4962540,High Value
C522216L,5146570,High Value
C351587L,5172740,High Value
C908967L,5206312,High Value
C363466L,5215710,High Value
C473931L,5233224,High Value
C834363L,5256658,High Value
C301616L,5581110,High Value
C741634L,5714334,High Value
C347055L,5759458,High Value
C770029L,5915364,High Value
C463487L,5987740,High Value
C382868L,6066162,High Value
C525405L,6186692,High Value
C738725L,6290914,High Value
C179537L,6308210,High Value
C283866L,7214558,High Value
C483469L,7545980,High Value
C215074L,7789450,High Value
C242231L,7792360,High Value
C501323L,8779610,High Value
C324312L,9822590,High Value
C363738L,11919000,High Value
C835857L,13894778,High Value
C635102L,13895752,High Value
C972737L,18155204,High Value
C200115L,24363194,High Value
C378684L,25410248,High Value
C374672L,26493030,High Value
C781213L,27111402,High Value
C492850L,29486888,High Value
C750160L,48382240,High Value
C514596L,58435540,High Value
C460487L,518267178,High Value